Year, kWh, kvarh, "Peak kW", "peak kVA", "Losses kWh", "Losses kvarh", "Peak Losses kW"
0, 827.211388452851, 404.703237804058, 827.211388452851, 920.90357360322, 8.72342835728232, 4.90911554834623, 8.72342835728232
